user_input,retrieved_contexts,response,reference,faithfulness,answer_relevancy,context_precision,context_recall,answer_correctness,factual_mismatch,answerable
Qual è la definizione di operatore?,"[""**Sistema Integrato «ClassyFarm» - Guida per l'Operatore e i suoi Delegati**\n\n**PAG**  \n**OPERATORE**  \n2  \n\nAi sensi del Regolamento UE 429/2016, l'operatore è definito come:  \nQualsiasi persona fisica o giuridica responsabile della gestione di animali o prodotti, anche per un periodo limitato, ad eccezione dei detentori di animali da compagnia e dei veterinari."", 'Qualsiasi persona che possiede conigli o li tiene sotto il proprio controllo diretto, comunemente definita ""allevatore"", ha delle responsabilità specifiche. Inoltre, ogni altra persona che è destinata ad accudire i conigli deve anch\'essa garantire, in base alle proprie responsabilità, che vengano adottate tutte le misure necessarie per salvaguardare il benessere degli animali.', 'Il numero ottimale di addetti per un allevamento è indicativamente di un operatore per meno di 400 animali. Gli addetti sono coloro che lavorano in allevamento, sia a tempo pieno che parziale, e si occupano delle operazioni di alimentazione e cura degli animali, nonché della manutenzione degli ambienti. È importante notare che in questo contesto non si considerano gli operatori che lavorano esclusivamente nei campi. Nel caso specifico dell’allevamento bovino da carne, si applicano le stesse indicazioni riguardo al numero di addetti.', ""Nel contesto della gestione degli allevamenti, si stabiliscono specifiche indicazioni riguardo al numero di operatori necessari in base alla tipologia e al numero di animali. \n\nPer quanto riguarda i riproduttori, è previsto un operatore per un numero di animali compreso tra 500 e 800. Invece, per gli animali all’ingrasso, è necessario un operatore per un numero di animali inferiore a 5000. Per i riproduttori, la situazione cambia ulteriormente: è richiesto un operatore per meno di 500 animali.\n\nGli addetti, che possono essere il proprietario, il detentore o il custode degli animali, sono definiti come le persone responsabili della cura e dell'alimentazione degli animali e degli ambienti in cui vivono. Questi addetti possono lavorare a tempo pieno, corrispondente a una persona, oppure a tempo parziale, con un minimo di mezza giornata, che equivale a mezza persona. È importante notare che non si considerano come addetti coloro che operano esclusivamente nei campi o i tecnici, nel caso di filiere integrate.\n\nInfine, il numero di addetti può variare in base a diversi fattori, tra cui la fase di allevamento, il livello di meccanizzazione e l'organizzazione dell'azienda, come ad esempio se si opera in ciclo aperto o chiuso e il numero di capannoni disponibili."", 'Per rispondere al quesito in oggetto, è fondamentale effettuare una valutazione approfondita delle competenze, delle capacità e delle conoscenze complessive del personale addetto alla cura degli animali. Questo personale può includere il proprietario, il detentore o il custode, ovvero la persona che, anche in modo temporaneo, si assume la responsabilità e si occupa degli animali, come stabilito dal Decreto Legislativo 146 del 2001.']","L'operatore, ai sensi del Regolamento UE 429/2016, è definito come qualsiasi persona fisica o giuridica responsabile della gestione di animali o prodotti, anche per un periodo limitato, ad eccezione dei detentori di animali da compagnia e dei veterinari [Doc 1].",Per operatore si intende una persona fisica o giuridica che ha la responsabilità di animali o prodotti. Non sono considerati operatori i detentori di animali da compagnia e i veterinari.,1.0,0.6517831026783238,0.94999999997625,1.0,0.8702359098167822,OK,True
Qual è la definizione di delegato?,"[""Sistema Integrato «ClassyFarm» - Guida per l'Operatore e i suoi Delegati\n\nDelegato dell'Operatore: figura designata dall'operatore responsabile degli animali, con la sola facoltà di visualizzare i cruscotti degli allevamenti associati allo stesso operatore."", 'Il testo fa riferimento alla figura del responsabile che si occupa degli animali, come definito dal Decreto Legislativo 146 del 2001, articolo 1, paragrafo 2, lettera b). Questa figura comprende coloro che lavorano in allevamento, sia a tempo pieno, che implica la presenza di una persona dedicata esclusivamente a questo compito, sia a tempo parziale, che richiede un impegno minimo di mezza giornata.', ""Il numero di addetti responsabili della cura degli animali deve essere sufficiente e dotato di adeguate capacità, conoscenze e competenze professionali, come stabilito dal Decreto Legislativo 146/2001. Gli addetti possono essere il proprietario, il detentore o il custode degli animali, oppure una persona che, anche temporaneamente, si occupa della loro gestione. \n\nQuesti addetti possono lavorare a tempo pieno, corrispondente a una persona, oppure a tempo parziale, con un minimo di mezza giornata, che equivale a mezza persona. Le loro mansioni comprendono l'alimentazione e la cura degli animali, nonché la manutenzione degli ambienti in cui vivono. È importante notare che non si considerano addetti coloro che lavorano esclusivamente nei campi o i tecnici, nel caso di filiere integrate.\n\nIn situazioni in cui la cura quotidiana degli animali e le operazioni di mungitura sono svolte da operatori diversi, è accettabile avere un addetto non mungitore per un certo numero di animali, a condizione che il rapporto tra addetti e animali sia adeguato."", 'Per rispondere al quesito in oggetto, è fondamentale effettuare una valutazione approfondita delle competenze, delle capacità e delle conoscenze complessive del personale addetto alla cura degli animali. Questo personale può includere il proprietario, il detentore o il custode, ovvero la persona che, anche in modo temporaneo, si assume la responsabilità e si occupa degli animali, come stabilito dal Decreto Legislativo 146 del 2001.', ""È fondamentale che il personale, durante i momenti di contatto con gli animali, che non sono così rari, come ad esempio durante le ispezioni giornaliere, le operazioni di carico e scarico, la movimentazione, il rimescolamento e l'esecuzione di trattamenti sanitari, mantenga una routine di lavoro costante. È essenziale che gli animali siano trattati con calma e tranquillità.\n\nPer affrontare questa questione, è necessario valutare attentamente le competenze, le capacità e le conoscenze complessive del personale addetto agli animali. Questo personale può includere il proprietario, il detentore o il custode, ovvero la persona che, anche temporaneamente, è responsabile degli animali e si occupa di loro, come stabilito dal D. Lgs. 146/2001, art. 1, par. 2, lett. b). \n\nLe competenze del personale possono derivare sia da esperienze pratiche, accumulate nel tempo, sia da conoscenze teoriche, come ad esempio il titolo di studio. Pertanto, è considerata accettabile la presenza di una lunga esperienza pratica nel settore.""]","Il delegato dell'Operatore è la figura designata dall'operatore responsabile degli animali, con la sola facoltà di visualizzare i cruscotti degli allevamenti associati allo stesso operatore [Doc 1].",Il delegato è una figura delegata da un operatore che ha solo la possibilità di visualizzare i cruscotti degli allevamenti afferenti all’operatore delegante.,1.0,0.5567520022268713,0.9999999999,1.0,0.5254178812010553,OK,True
Come richiedo il profilo da operatore?,"['**Sistema Integrato «ClassyFarm» - Guida per l\'Operatore e i suoi Delegati**\n\n**RICHIESTA DI PROFILO**  \n**Operatore**  \nLa richiesta di accesso con la qualifica di Operatore deve essere redatta e inviata direttamente all\'indirizzo email info@classyfarm.it, seguendo le modalità e i documenti indicati nella sezione ""OPERATORE E SUOI DELEGATI"" presente sul sito www.classyfarm.it.', '**Sistema Integrato «ClassyFarm» - Guida per l\'Operatore e i suoi Delegati**\n\n**RICHIESTA DI PROFILO**  \n**Delegato da Singolo Operatore**  \n\nLa richiesta di accesso con la qualifica di Delegato da singolo operatore deve essere redatta e inviata al Ministero della Salute, con copia conoscenza all\'indirizzo info@classyfarm.it. Le modalità e la documentazione necessaria sono disponibili nella sezione ""OPERATORE E SUOI DELEGATI"" sul sito www.classyfarm.it. \n\nIl Delegato da singolo operatore è tenuto a comunicare, attraverso i canali sopra indicati, la cessazione della delega.', '**Sistema Integrato «ClassyFarm» - Guida per l\'Operatore e i suoi Delegati**\n\n**RICHIESTA DI PROFILO**\n\nLa richiesta di accesso con la qualifica di Delegato da parte di più operatori deve essere redatta e inviata al Ministero della Salute, con copia conoscenza all\'indirizzo email info@classyfarm.it. Le modalità e la documentazione necessaria sono disponibili nella sezione ""OPERATORE E SUOI DELEGATI"" sul sito www.classyfarm.it.\n\nSuccessivamente, il Delegato da parte di più operatori sarà responsabile della raccolta, del caricamento e dell\'aggiornamento delle singole adesioni dei vari operatori attraverso il pannello predisposto, selezionando l\'opzione ""Selezione azienda"".', '[ASSISTENZA_TELEFONICA] [INVIO_EMAIL] L\'analisi dello screenshot della piattaforma ministeriale ClassyFarm si articola in diversi punti fondamentali che delineano il processo di registrazione per gli operatori. \n\nIn primo luogo, il titolo della pagina è ""OPERATORE"", il che indica chiaramente la sezione dedicata agli utenti che desiderano registrarsi o accedere come operatori. All\'interno di questa sezione, è presente un elemento visivo importante: un numero e una freccia che guidano l\'utente verso la sezione ""Operatore e delegati"" nel menu di navigazione. Questo suggerisce che l\'utente deve selezionare questa opzione per procedere con la registrazione.\n\nSuccessivamente, un altro punto evidenziato è il testo ""Richiesta di registrazione ClassyFarm"", che funge da link per scaricare, compilare e firmare il modulo necessario per la registrazione. La freccia rossa che accompagna questo testo sottolinea l\'importanza di questo passaggio, evidenziando che il modulo deve essere compilato e firmato per poter proseguire.\n\nLa procedura logica per la registrazione si articola in vari passaggi. Innanzitutto, l\'utente deve collegarsi al sito www.classyfarm.it per iniziare la procedura di abilitazione. Una volta sul sito, è necessario navigare nella sezione ""Operatore e delegati"" per accedere alle informazioni specifiche per gli operatori. Il passo successivo consiste nel cliccare sul link ""Richiesta di registrazione ClassyFarm"" per scaricare il modulo necessario. Dopo aver scaricato il modulo, l\'utente deve compilarlo e firmarlo, allegando i documenti richiesti. Infine, per completare la registrazione, è necessario inviare la richiesta online accedendo al link fornito, che consente di inviare la documentazione necessaria.\n\nTra i testi rilevanti che accompagnano questa procedura, si trovano frasi come ""Per far richiesta di abilitazione al sistema collegarsi al sito www.classyfarm.it"" e ""Sistema per la categorizzazione del rischio degli allevamenti in ambito sanità pubblica veterinar', ""[DASHBOARD] **Sistema Integrato «ClassyFarm» - Guida per l'Operatore e i suoi Delegati**\n\n**PAG**  \n**SCELTA DELL'AMBIENTE**  \n25  \n\n1. Selezionare l'opzione «Selezione Azienda» per associare il proprio profilo all'allevamento.  \n2. Cliccare su «Dashboard» per accedere alla consultazione dei cruscotti.  \n\n**Nome utente e profilo selezionato; cliccare qui per modificare il profilo.**""]","Per richiedere il profilo da operatore, devi seguire questi passaggi:

1. Redigi la richiesta di accesso con la qualifica di Operatore.
2. Invia la richiesta direttamente all'indirizzo email [EMAIL_RIMOSSO].
3. Assicurati di seguire le modalità e i documenti indicati nella sezione ""OPERATORE E SUOI DELEGATI"" presente sul sito www.classyfarm.it.

Ricorda di controllare attentamente la documentazione necessaria per completare la tua richiesta.","Per richiedere il profilo da operatore è necessario redigere una richiesta e inviarla a info@classyfarm.it. Le modalità e i documenti necessari sono disponibili nella sezione ""operatore e delegato"" del sito classyfarm.it.",1.0,0.8788566812327557,0.999999999975,1.0,0.8948052662743047,EMAIL_MISMATCH,True
Come seleziono l’azienda?,"[""**7. Selezione dell'Azienda**  \nPer associare un'azienda, selezionare l'opzione: «Selezione Azienda»."", '1. Selezionare l\'allevamento di interesse nella parte superiore sinistra dello schermo.  \nNota Bene: Gli allevamenti visualizzati nel menu a tendina sono quelli associati alla voce ""Selezione Azienda"".  \n\n2. Procedere quindi alla compilazione della checklist.  \n2.1. È possibile inserire il codice dell\'allevamento manualmente oppure selezionarlo dal menu a tendina.  \n\nComunicazione Esito Valutazione.', ""**Selezione Azienda**  \nPer associare un'azienda, selezionare l'opzione: «Selezione Azienda»  \n6"", '1. Cliccare su ""Nuovo Allevamento"".\n2. Inserire il codice aziendale (es. 001XX001) e fare clic su ""Verifica"".\n   - Il sistema recupererà automaticamente i dati dell\'allevamento.\n3. Selezionare l\'Azienda.', ""**PAG**  \nSistema Integrato «ClassyFarm» - Guida per Delegati Operatori - Filiera o Gruppo  \n\n**Procedura per l'abbinamento all'allevamento:**  \n1. Dopo aver selezionato il profilo, cliccare su «Selezione Azienda».  \n2. Cliccare su «Nuovo Allevamento».  \n3. Inserire il codice aziendale e cliccare su «Verifica».  \n\n**CARICAMENTO DELEGA**  \n1. Cliccando su «Dettagli», è possibile visualizzare le informazioni relative all'allevamento (Ragione sociale, Partita IVA, Indirizzo, ecc.).  \n(N.B. Se sono presenti più allevamenti, è necessario SELEZIONARE l'allevamento desiderato dall'elenco fornito in base al codice aziendale.)""]","Per selezionare un'azienda, segui questi passaggi:

1. **Seleziona l'opzione**: Clicca su «Selezione Azienda».

2. **Scegli l'allevamento**: Nella parte superiore sinistra dello schermo, seleziona l'allevamento di interesse. Gli allevamenti disponibili nel menu a tendina sono quelli associati alla voce ""Selezione Azienda"".

3. **Compila la checklist**: Procedi alla compilazione della checklist necessaria.

4. **Inserisci il codice dell'allevamento**: Puoi inserire il codice dell'allevamento manualmente oppure selezionarlo dal menu a tendina.

5. **Clicca su ""Nuovo Allevamento""**: Dopo aver selezionato il profilo, clicca su «Nuovo Allevamento».

6. **Inserisci il codice aziendale**: Digita il codice aziendale (es. 001XX001) e fai clic su ""Verifica"". Il sistema recupererà automaticamente i dati dell'allevamento.

7. **Seleziona l'Azienda**: Dopo che i dati sono stati recuperati, seleziona l'azienda desiderata.

8. **Visualizza dettagli**: Cliccando su «Dettagli», puoi visualizzare le informazioni relative all'allevamento, come Ragione sociale, Partita IVA, Indirizzo, ecc.

Se ci sono più allevamenti, assicurati di selezionare quello desiderato dall'elenco fornito in base al codice aziendale.","Per selezionare l’azienda bisogna cliccare su ""Selezione azienda"", poi su ""Nuovo allevamento"", inserire il codice aziendale e cliccare ""Verifica"". Successivamente si selezionano uno o più disciplinari, si inserisce la data di presentazione della domanda, si carica il file PDF della ""Domanda di certificazione"" e si clicca su ""Conferma"" e di nuovo su ""Conferma"" nella finestra che appare.",0.9285714285714286,0.8331599413778017,0.4499999999775,0.5,0.6986573340588513,OK,True
"Non riesco a visualizzare il cruscotto, cosa devo fare?","['[DASHBOARD] **14  \nDashboard: Cruscotto di Visualizzazione**  \nAzienda già associata al Valutatore.  \nSarà possibile visualizzare, tramite il cruscotto, tutti gli allevamenti associati nella sezione ""Selezione Azienda"".  \nÈ prevista la possibilità di visualizzare la tabella a schermo intero cliccando sull\'icona corrispondente.  \nFiltri di Selezione: Azienda non ancora associata al Valutatore.', '[DASHBOARD] Per scegliere l\'ambiente, è necessario seguire alcuni passaggi specifici. Innanzitutto, si deve cliccare su ""Selezione Azienda"" per associarsi all\'allevamento desiderato. In secondo luogo, è possibile cliccare su ""Trasmissione Checklist"" per accedere alla compilazione del controllo. Infine, per consultare i cruscotti, si deve cliccare su ""Dashboard"". \n\nIn aggiunta, è importante notare che è possibile cambiare il nome utente e il ruolo scelto, cliccando sull\'apposito link.', '[DASHBOARD] **12  \nCruscotto di Visualizzazione**  \nDopo 48 ore, sarà possibile accedere al cruscotto interattivo: selezionare ""Dashboard"".', '[DASHBOARD] **16**  \nVisualizzazione a schermo intero della tabella  \nDashboard: Cruscotto di Visualizzazione  \nPossibilità di esportare i dati in Excel.', ""[DASHBOARD] **Sistema Integrato «ClassyFarm» - Guida per l'Operatore e i suoi Delegati**\n\n**PAG**  \n**SELEZIONE DELL'AMBIENTE**  \n20  \n\n1. Cliccare su «Dashboard» per accedere alla consultazione dei cruscotti.  \n1. Nome utente e profilo selezionato; cliccare qui per modificare il profilo.""]","Dopo 48 ore, sarà possibile accedere al cruscotto interattivo: selezionare ""Dashboard"".","Per visualizzare il cruscotto è necessario cliccare su ""Dashboard"". Il cruscotto interattivo è visibile solo dopo 48 ore dall’associazione.",1.0,0.5543801725675227,0.94999999997625,1.0,0.954157207259435,OK,True
Come faccio ad associare un valutatore?,"[""**ISTRUZIONI PER L'ASSOCIAZIONE DEL VALUTATORE**\n\n1. Inserire il codice fiscale del Valutatore che si desidera associare.\n2. Cliccare su «Cerca».\n\nSe il Valutatore è già abilitato in ClassyFarm, il sistema troverà una corrispondenza e sarà sufficiente selezionarlo dal menu a tendina.\n\nSe il Valutatore non è abilitato in ClassyFarm, sarà comunque possibile associarlo creando un'utenza.\n\n**Selezione Valutatore**  \nValutatori già associati dall'Odc."", ""Selezione del Valutatore  \nPer associare un Valutatore, selezionare l'opzione «Selezione Valutatore»."", 'Il Valutatore può essere associato all\'azienda immediatamente oppure in un secondo momento. \n\n6. Cliccare su ""Conferma""; successivamente apparirà una finestra in cui sarà necessario confermare nuovamente (7).\n\n**Selezione Azienda**\n\nNota Bene: I Valutatori visualizzati nel menu a tendina sono quelli precedentemente associati nella sezione ""Selezione Valutatore"".', ""Selezionare il questionario di interesse, fare clic sull'icona e successivamente su «Compila». \n\nPiani di Controllo disponibili: \nOgni Valutatore avrà accesso esclusivamente ai Piani di Controllo associati al disciplinare attribuito dall'Organismo di Controllo. \n\nProcedere con la compilazione della Checklist di Valutazione."", ""Il processo di valutazione prevede due fasi principali. \n\nIn primo luogo, è necessario effettuare registrazioni nel sistema di farmacosorveglianza di Vetinfo. \n\nIn secondo luogo, è fondamentale consultare un veterinario. In questa fase, si deve verificare se è presente e documentata la figura del veterinario aziendale oppure quella di un veterinario libero professionista o privato che segua l'azienda. \n\nÈ importante sottolineare che per poter assegnare un giudizio conforme, tutte le condizioni sopra menzionate devono essere soddisfatte."", ""25  \n2.  \n3. Selezionare l'esito della valutazione da modificare, cliccare su «Modifica» e successivamente salvare l'esito della valutazione in bozza.""]","Per associare un valutatore, segui questi passaggi:

1. Inserisci il codice fiscale del Valutatore che desideri associare.
2. Clicca su «Cerca».

   - Se il Valutatore è già abilitato in ClassyFarm, il sistema troverà una corrispondenza e potrai selezionarlo dal menu a tendina.
   - Se il Valutatore non è abilitato in ClassyFarm, potrai comunque associarlo creando un'utenza.

3. Seleziona l'opzione «Selezione Valutatore».
4. Puoi associare il Valutatore all'azienda immediatamente oppure in un secondo momento.
5. Clicca su ""Conferma""; successivamente apparirà una finestra in cui sarà necessario confermare nuovamente.

Nota: I Valutatori visualizzati nel menu a tendina sono quelli precedentemente associati nella sezione ""Selezione Valutatore"". 

Assicurati di completare anche la compilazione della Checklist di Valutazione e di seguire le fasi del processo di valutazione come indicato.","Per associare un valutatore bisogna aver effettuato l’accesso come organismo di certificazione, cliccare su ""Selezione Valutatore"", inserire il codice fiscale del valutatore da associare e cliccare su ""Cerca"". Se il valutatore è già abilitato in ClassyFarm il sistema lo trova e va selezionato dal menù a tendina; se non è ancora abilitato è possibile associarlo creandogli un’utenza.",1.0,0.7017141227284319,0.9999999999666667,1.0,0.6245590159832209,OK,True
Come faccio a finire un esito di valutazione che non avevo terminato?,"[""Se l'esito della valutazione è stato salvato come bozza, per riprendere la compilazione seguire i seguenti passaggi:\n\n1. Cliccare su «Esito Valutazione».\n2. Individuare la specie di interesse, cliccare su di essa e successivamente selezionare «Storico».\n\nEsito della valutazione salvato in bozza: 24."", ""25  \n2.  \n3. Selezionare l'esito della valutazione da modificare, cliccare su «Modifica» e successivamente salvare l'esito della valutazione in bozza."", 'Per registrare l\'esito della valutazione, selezionare l\'opzione ""Esito valutazione"". Comunicazione dell\'esito della valutazione.', 'Riprendere la compilazione di un Esito di Valutazione salvato in bozza.  \n23', 'Esempio di compilazione\n\nPer completare e inviare, fare clic su ""Completa il questionario"". Si raccomanda di salvare la bozza prima di uscire.']","Per finire un esito di valutazione che non avevi terminato e che è stato salvato come bozza, segui questi passaggi:

1. Clicca su «Esito Valutazione».
2. Individua la specie di interesse e clicca su di essa.
3. Seleziona «Storico».
4. Trova l'esito della valutazione salvato in bozza e selezionalo.
5. Clicca su «Modifica» per riprendere la compilazione.
6. Dopo aver completato le modifiche, assicurati di salvare nuovamente l'esito della valutazione in bozza, se necessario.
7. Per completare e inviare l'esito, fai clic su ""Completa il questionario"".

Ricorda di salvare la bozza prima di uscire per evitare di perdere le informazioni inserite.","Se l’esito è stato salvato in bozza, per riprendere la compilazione bisogna cliccare su ""Esito valutazione"", individuare la specie di interesse, cliccare il relativo tasto e successivamente ""Storico"". Poi si individua l’esito di valutazione da modificare, si clicca ""Modifica"" e, per completare e inviare, si clicca su ""Completa il questionario"".",0.7777777777777778,0.6397713275598997,0.8874999999778125,1.0,0.8854398219504442,OK,True
Come faccio a continuare una compilazione di checklist di valutazione salvata in bozza?,"['**Checklist Salvata in Bozza**\n\nSe il questionario è stato salvato come bozza, per riprendere la compilazione seguire i seguenti passaggi:\n\n1. Cliccare su «Compilazione Checklist (Nuovo)».\n2. Individuare il disciplinare di interesse, cliccare su di esso e successivamente selezionare «Storico».', 'Riprendere la compilazione di una checklist salvata come bozza.', 'Riprendere la compilazione di un Esito di Valutazione salvato in bozza.  \n23', 'Riprendere la compilazione di un Piano di Rientro precedentemente salvato come bozza.', ""Per inserire una checklist, selezionare l'opzione «Compilazione Checklist (Nuovo)». Procedere con la compilazione della Checklist di Valutazione.""]","Per continuare la compilazione di una checklist di valutazione salvata in bozza, segui questi passaggi:

1. Clicca su «Compilazione Checklist (Nuovo)».
2. Individua il disciplinare di interesse e clicca su di esso.
3. Seleziona l'opzione «Storico».

In questo modo potrai riprendere la compilazione della checklist salvata come bozza.","Se il questionario è stato salvato in bozza, per riprendere la compilazione bisogna cliccare su ""Compilazione checklist (nuovo)"", individuare il disciplinare di interesse e cliccare ""Storico"". Poi si individua il questionario da modificare, si clicca ""Modifica"", si completa la bozza e per terminare e inviare il questionario si clicca su ""Completa il questionario"".",1.0,0.6554947731528561,0.999999999975,0.5,0.6957789275481283,OK,True
Come faccio a scaricare il report SQNBA?,"['[DASHBOARD] Dopo aver completato la compilazione del questionario, per scaricare il report, fare clic su «Report SQNBA». Procedere con il download del report.', '[DASHBOARD] **Report**\n\nAl termine della compilazione, per visualizzare il report, è necessario seguire i seguenti passaggi:\n\n1. Accedere a «Trasmissione Checklist (Nuovo)».\n2. Cliccare su «Azioni» e successivamente su «Storico».\n3. Selezionare il controllo di interesse e cliccare su «Azioni».\n4. Scorrere fino in fondo alla pagina e cliccare su «Salva PDF».\n\n**Nota Bene:** Questa modalità di download del report è temporanea; in futuro, il report sarà nuovamente scaricabile dal cruscotto.', '[DASHBOARD] **14  \nSISTEMA QUESTIONARI**  \n**CARICARE UN QUESTIONARIO**  \nUna volta che il questionario è stato compilato correttamente in tutte le sue parti e si è cliccato sul tasto ""Salva"" situato in fondo alla pagina, apparirà un pulsante giallo per la verifica in alto a destra. Dopo aver selezionato il pulsante giallo, sarà possibile visualizzare il tasto per procedere con il caricamento.  \nI report dei questionari caricati saranno disponibili esclusivamente 48 ore dopo il caricamento nella sezione ""Dashboard"".', '[DASHBOARD] **14  \nSISTEMA QUESTIONARI**  \n**CARICAMENTO DI UN QUESTIONARIO**  \nUna volta che il questionario è stato compilato correttamente in tutte le sue sezioni e si è cliccato sul tasto ""Salva"" situato in fondo alla pagina, apparirà un pulsante giallo per la verifica in alto a destra. Dopo aver selezionato il pulsante giallo, sarà possibile visualizzare il tasto per procedere con il caricamento. I report dei questionari caricati saranno disponibili esclusivamente 48 ore dopo il caricamento nella sezione ""Dashboard"".', '[DASHBOARD] **SISTEMA QUESTIONARI**\n\nÈ possibile caricare un nuovo questionario selezionando l\'opzione ""Azioni"" e successivamente ""Carica"". Un questionario si considera caricato quando la data di completamento è valorizzata.\n\n**CARICAMENTO DI UN QUESTIONARIO**\n\nI report relativi ai questionari caricati saranno disponibili esclusivamente 48 ore dopo il caricamento, nella sezione ""Dashboard"".']","Per scaricare il report SQNBA, segui questi passaggi:

1. Dopo aver completato la compilazione del questionario, vai alla sezione «Dashboard».
2. Clicca su «Report SQNBA» per procedere con il download del report.

In alternativa, se hai bisogno di visualizzare il report dopo la compilazione, puoi seguire questi passaggi:

1. Accedi a «Trasmissione Checklist (Nuovo)».
2. Clicca su «Azioni» e poi su «Storico».
3. Seleziona il controllo di interesse e clicca su «Azioni».
4. Scorri fino in fondo alla pagina e clicca su «Salva PDF» per scaricare il report.

Ricorda che questa modalità di download del report è temporanea; in futuro, il report sarà nuovamente scaricabile direttamente dal cruscotto.","Per scaricare il report di un questionario compilato bisogna cliccare su ""Report SQNBA"", scegliere il questionario di interesse e scaricare il report desiderato: per le sole risposte non conformi cliccare ""Download PDF risposte non conformi"", per tutte le risposte cliccare ""Download PDF con tutte le risposte"". Se si seleziona un questionario contenente file viene creato un file ZIP, se il questionario non contiene file viene scaricato un PDF.",1.0,0.9764883662061147,0.9999999999,0.3333333333333333,0.38497735226205876,OK,True
Per cosa sta BDN?,"['**Contesto**: ""Base di calcolo ClassyFarm""\n\n1. **Termine**: RCP (Riassunto delle Caratteristiche del Prodotto)  \n   **Definizione**: Documento ufficiale approvato per ciascun medicinale veterinario, contenente informazioni su dosi, posologie, durata del trattamento e specie target. Rappresenta la base tecnica per la definizione delle DDDAit.  \n   **Categoria**: Regolamentazione farmaci  \n   **Contesto**: Definizione dei parametri nazionali  \n\n2. **Termine**: BDN (Banca Dati Nazionale)  \n   **Definizione**: Sistema informativo nazionale che raccoglie i dati anagrafici e produttivi degli allevamenti. Fornisce informazioni sulla biomassa animale utilizzate per i calcoli delle DDDAit e DCDAit.  \n   **Categoria**: Banche dati  \n   **Contesto**: Riferimento per ClassyFarm e farmacovigilanza  \n\n3. **Termine**: ClassyFarm  \n   **Definizione**: [Definizione da completare]  \n   **Categoria**: [Categoria da completare]  \n   **Contesto**: [Contesto da completare]', 'Il documento riguarda il sistema integrato ""ClassyFarm"" e fornisce una guida per l\'inserimento della check-list sul benessere dei riproduttori. \n\nPer iniziare la compilazione del controllo, è necessario seguire alcuni passaggi. Innanzitutto, si deve inserire il codice di allevamento. Successivamente, è importante cliccare sulla lente d’ingrandimento, che funge da funzione di ricerca, per cercare l\'allevamento nel database nazionale (BDN). \n\nDopo aver effettuato la ricerca, il sistema restituirà un elenco di allevamenti che corrispondono al codice aziendale inserito. A questo punto, è sufficiente selezionare l\'allevamento desiderato con un clic. Il sistema provvederà automaticamente a completare i dati anagrafici dell\'allevamento utilizzando le informazioni disponibili nel BDN. È importante notare che, durante l\'inserimento del codice, non bisogna includere il prefisso ""IT"" o eventuali sottocodici, come ad esempio ""/2"". \n\nInfine, il documento menziona una sezione dedicata alla testata del questionario, che sembra essere numerata con i valori 14, 1, 2 e 3, ma non fornisce ulteriori dettagli su questa parte.', 'Il sistema integrato ""ClassyFarm"" offre una guida per l\'inserimento della check-list per la valutazione del rischio relativo al taglio della coda. \n\nPer iniziare la compilazione, è necessario seguire alcuni passaggi. Innanzitutto, bisogna inserire il codice di allevamento. Successivamente, si deve cliccare sulla lente d’ingrandimento, che funge da funzione di ricerca, per cercare l\'allevamento nel database nazionale (BDN). \n\nUna volta effettuata la ricerca, il sistema restituirà un elenco di allevamenti che corrispondono al codice aziendale inserito. A questo punto, è sufficiente selezionare l\'allevamento desiderato con un clic. Il sistema provvederà automaticamente a completare i dati anagrafici dell\'allevamento utilizzando le informazioni presenti nel BDN. È importante notare che non bisogna inserire il prefisso ""IT"" o eventuali sottocodici, come ad esempio ""/2"". \n\nInfine, si procederà con la compilazione della testata del questionario, che è suddivisa in diverse sezioni numerate.', ""[DASHBOARD] Il testo riguarda le modalità di pagamento per gli allevamenti che aderiscono a specifici sistemi di qualità per il benessere animale. Esistono due livelli di misurazione: il Livello 1, che utilizza l'applicativo ClassyFarm, e il Livello 2, che si basa sul Sistema di qualità nazionale per il benessere animale (SQNBA) e che, per le campagne del 2023 e 2024, è sostituito da un disciplinare di qualità allegato al DM 15 dicembre 2023 n. 690602.\n\nPer entrambi i livelli, il pagamento è prioritariamente concesso al detentore dell'allevamento. Tuttavia, in caso di soccida, il pagamento viene effettuato con priorità al soccidario, a meno che non ci sia un accordo diverso tra le parti coinvolte. Se il bestiame è affidato a un detentore temporaneo per il pascolo, il pagamento sarà comunque eseguito prioritariamente al detentore principale.\n\nI dati necessari per il pagamento dell'eco-schema, che includono informazioni sugli allevamenti, sugli orientamenti produttivi, sui capi animali e sulle UBA premiabili, sono estratti da ClassyFarm e dalla BDN (Banca Dati Nazionale) entro il 31 dicembre dell'anno di domanda. Pertanto, gli agricoltori devono assicurarsi di fornire tali dati entro la stessa data."", ""Il testo presenta una serie di normative e decreti relativi alla gestione e al funzionamento del sistema di identificazione e registrazione degli operatori, degli stabilimenti e degli animali. Di seguito, si riassumono i principali documenti normativi:\n\n1. **Legge 31 luglio 2002, n. 179**: Riguarda i sanitari in conformità all'articolo 24.\n   \n2. **Decreto del Ministero della Salute del 7 marzo 2023**: Fornisce un manuale operativo per la gestione e il funzionamento del sistema di identificazione e registrazione degli operatori, degli stabilimenti e degli animali, noto come sistema I&R.\n\n3. **Decreto Legislativo 2 febbraio 2021, n. 27**: Stabilisce disposizioni per l'adeguamento della normativa nazionale alle disposizioni del regolamento (UE) 2017/625, in conformità con l'articolo 12, lettere a), b), c), d) ed e) della legge 4 ottobre 2019, n. 117.\n\n4. **Decreto Legislativo 2 febbraio 2021, n. 32**: Anch'esso riguarda l'adeguamento della normativa nazionale alle disposizioni del regolamento (UE) 2017/625, specificamente in base all'articolo 12, comma 3, lettera g) della legge 4 ottobre 2019, n. 117.\n\n5. **Decreto Legislativo 7 dicembre 2023, n. 218**: Si occupa dell'adeguamento della normativa nazionale alle disposizioni del regolamento (UE) 2019/6.\n\nQuesti documenti normativi sono fondamentali per garantire la conformità alle normative europee e per il corretto funzionamento del sistema di identificazione e registrazione nel settore sanitario e animale.""]","BDN sta per Banca Dati Nazionale, che è un sistema informativo nazionale che raccoglie i dati anagrafici e produttivi degli allevamenti. Fornisce informazioni sulla biomassa animale utilizzate per i calcoli delle DDDAit e DCDAit [Doc 1].",BDN sta per Banca dati nazionale.,1.0,0.7971139848529466,0.999999999975,1.0,0.44655428902700267,OK,True
Cosa mi serve per inserire i dati di valutazione del Benessere Animale e della Biosicurezza tramite app?,"[""Prima di iniziare a inserire i dati di valutazione del Benessere Animale e della Biosicurezza tramite l'app ClassyFarm 2.0, è necessario seguire alcune indicazioni fondamentali. \n\nInnanzitutto, è indispensabile essere in possesso delle credenziali VETINFO, che possono essere ottenute visitando il sito www.vetinfo.it. \n\nIn secondo luogo, per i Veterinari Aziendali, è richiesto di essere iscritti all'Elenco Pubblico Nazionale dei Veterinari Aziendali, gestito dalla FNOVI. \n\nPer quanto riguarda i Veterinari Incaricati, secondo l'aggiornamento della Nota Ministeriale 0016001-16/07/2020-DGSAF-MDS-P, non è necessaria l'iscrizione all'Elenco FNOVI. Tuttavia, è obbligatorio aver completato un corso di veterinario aziendale e aver seguito un percorso di formazione specifico, che includa argomenti pertinenti alla specie animale oggetto di valutazione."", ""**118**\n\n**INSERIMENTO DEI DATI NEL PROGRAMMA CLASSYFARM PER LA VALUTAZIONE DEL BENESSERE NELL'ALLEVAMENTO DEGLI ANIMALI DA REDDITO**\n\n**APPLICAZIONE DEL SISTEMA E INSERIMENTO DEI DATI PER IL CALCOLO DEL LIVELLO DI BENESSERE/INDICE DI RISCHIO**\n\nLa valutazione del benessere animale in allevamento, attraverso le procedure delineate in questo manuale, può essere effettuata utilizzando due modalità: cartacea e informatizzata, tramite tablet o PC. In entrambe le opzioni, si utilizza la check-list per l'allevamento suino da ingrasso, composta da 50 elementi.\n\nI dati devono essere inseriti tramite l'applicativo ClassyFarm, accedendo attraverso VETINFO con le consuete credenziali, previa abilitazione. L'ultima versione di ogni check-list cartacea, il presente manuale e tutta la documentazione necessaria sono disponibili in formato .pdf sul sito https://www.classyfarm.it.\n\nSi ricorda che il caricamento della valutazione del benessere nel sistema deve avvenire utilizzando un..."", ""**116**\n\n**INSERIMENTO DEI DATI NEL PROGRAMMA CLASSYFARM PER LA VALUTAZIONE DEL BENESSERE NELL'ALLEVAMENTO DEGLI ANIMALI DA REDDITO**\n\n**APPLICAZIONE DEL SISTEMA E INSERIMENTO DEI DATI PER IL CALCOLO DEL LIVELLO DI BENESSERE/INDICE DI RISCHIO**\n\nLa valutazione del benessere animale in allevamento, attraverso le procedure delineate in questo manuale, può essere effettuata utilizzando due modalità: cartacea e informatizzata, tramite tablet o PC. In entrambe le opzioni, si utilizza la check-list per l'allevamento suino da ingrasso e svezzamento, composta da 53 elementi.\n\nI dati devono essere inseriti tramite l'applicativo ClassyFarm, accedendo attraverso VETINFO con le consuete credenziali, previa abilitazione. L'ultima versione di ogni check-list cartacea, il presente manuale e tutta la documentazione necessaria sono disponibili in formato .pdf sul sito https://www.classyfarm.it.\n\nSi ricorda che il caricamento della valutazione del benessere nel sistema deve avvenire utilizzando un..."", ""Il Nazionale per il Benessere Animale (CReNBA) ha sviluppato un sistema di valutazione e categorizzazione del rischio per il benessere animale e la biosicurezza negli allevamenti, basandosi su normative e conoscenze scientifiche recenti. Questo sistema è attualmente applicabile agli allevamenti di suini e bovini, con l'intenzione di estenderlo anche agli allevamenti di pollo da carne.\n\nIl sistema prevede una raccolta di dati tramite autocontrollo, utilizzando specifiche checklist di autovalutazione. I dati raccolti vengono poi elaborati e validati attraverso una piattaforma informatica chiamata ClassyFarm. \n\nPer garantire la comparabilità tra la valutazione effettuata dal veterinario aziendale, incaricato dall'allevatore e registrata in ClassyFarm, e quella realizzata durante i controlli ufficiali previsti dal Piano Nazionale Benessere Animale, è stata progettata una metodologia che consente di confrontare i risultati delle due valutazioni."", ""[ASSISTENZA_TELEFONICA] Il Ministero della salute, con il supporto del CReNBA, ha sviluppato un sistema di valutazione e categorizzazione del rischio per il benessere animale e la biosicurezza negli allevamenti bovini. Questo sistema si basa su diverse fonti, tra cui le normative vigenti in materia di protezione degli animali negli allevamenti, le check-list già utilizzate per i controlli dei servizi veterinari pubblici e i più recenti studi disponibili sull'argomento.\n\nIl sistema è stato reso disponibile per gli allevatori e i veterinari aziendali e prevede una raccolta di dati in autocontrollo attraverso specifiche check-list di autovalutazione. Successivamente, i dati raccolti vengono elaborati e validati tramite una piattaforma informatica chiamata ClassyFarm. L'obiettivo di queste check-list è quello di rendere più agevole, omogenea e validata la verifica delle condizioni di benessere animale negli allevamenti italiani.""]","Per inserire i dati di valutazione del Benessere Animale e della Biosicurezza tramite l'app ClassyFarm 2.0, hai bisogno di:

1. **Credenziali VETINFO**: Puoi ottenerle visitando il sito [www.vetinfo.it](http://www.vetinfo.it).
2. **Iscrizione all'Elenco Pubblico Nazionale dei Veterinari Aziendali**: Questo è richiesto per i Veterinari Aziendali.
3. **Formazione per Veterinari Incaricati**: Non è necessaria l'iscrizione all'Elenco FNOVI, ma è obbligatorio aver completato un corso di veterinario aziendale e un percorso di formazione specifico per la specie animale oggetto di valutazione [Doc 1].

⏰ **Nota Temporale**: 16/07/2020","Prima di inserire i dati di valutazione, sia per il medico veterinario aziendale sia per il medico veterinario incaricato è necessario avere a disposizione, in formato foto o scansione, il documento di identità, il documento di identità dell’allevatore e il modulo di richiesta di associazione all’operatore compilato e firmato da veterinario e allevatore. Sono disponibili due moduli distinti, uno per il veterinario aziendale e uno per il veterinario incaricato.",0.9,0.6336567692668671,0.99999999998,0.0,0.1757630489609614,OK,True
Come faccio ad associarmi all’allevamento?,"['**ISTRUZIONI PER L\'ASSOCIAZIONE DI UN ALLEVAMENTO**\n\nPrima di procedere con l\'inserimento della checklist, è fondamentale associare l\'allevamento di interesse.\n\n1. Cliccare sul pulsante ""Nuovo Allevamento"".\n2. Inserire il codice dell\'allevamento, quindi cliccare sul pulsante ""Verifica"" e selezionare l\'allevamento da associare.', ""Il sistema integrato «ClassyFarm» offre una guida per l'inserimento della check-list sull'app. Per associarsi all'allevamento, è necessario seguire alcuni passaggi. Innanzitutto, bisogna caricare tutti i documenti richiesti, che includono il documento di identità del veterinario, il documento di identità dell'allevatore e il modulo di autorizzazione, noto come «Modulo di richiesta di associazione». Una volta completata questa fase, si deve cliccare su «Conferma» per finalizzare il processo di associazione."", 'Il sistema integrato ""ClassyFarm"" offre una guida per l\'inserimento della check-list relativa al benessere durante le fasi di svezzamento e ingrasso. Per associarsi all\'allevamento, è necessario seguire alcuni passaggi. Innanzitutto, bisogna caricare tutti i documenti richiesti, che includono il documento di identità del veterinario, il documento di identità dell\'allevatore e il modulo di autorizzazione, noto come ""Modulo di richiesta di associazione"". Una volta completata questa fase, si deve cliccare su ""Conferma"" per finalizzare il processo di associazione.', ""Per associarsi all'allevamento nel sistema integrato «ClassyFarm», seguire questi passaggi:\n\n1. Dopo aver scelto il proprio ruolo, cliccare su «Selezione Azienda».\n2. Procedere cliccando su «Nuovo Allevamento».\n3. Inserire il codice aziendale e poi cliccare su «Verifica».\n4. Cliccando su «Dettagli», è possibile visualizzare le informazioni relative all'allevamento, come la ragione sociale, la partita IVA e l'indirizzo.\n5. Selezionare la checklist che deve essere compilata per l'allevamento scelto. Si noti che, nel caso si disponga di un veterinario aziendale, il passaggio 4 non è necessario."", 'Per associarsi all\'allevamento nel sistema integrato ""ClassyFarm"" e procedere con l\'inserimento della check-list per il benessere dei riproduttori, seguire i seguenti passaggi:\n\n1. Dopo aver scelto il proprio ruolo, cliccare su ""Selezione Azienda"".\n2. Selezionare l\'opzione ""Nuovo Allevamento"".\n3. Inserire il codice aziendale e cliccare su ""Verifica"".\n4. Cliccando su ""Dettagli"", sarà possibile visualizzare le informazioni relative all\'allevamento, come la ragione sociale, la partita IVA e l\'indirizzo.\n5. Infine, selezionare la check-list che deve essere compilata per l\'allevamento scelto. Si noti che, nel caso in cui si disponga di un veterinario aziendale, il passaggio 4 non è necessario.']","Per associarti all'allevamento nel sistema integrato «ClassyFarm», segui questi passaggi:

1. **Scegli il tuo ruolo**: Inizia selezionando il tuo ruolo all'interno del sistema.
2. **Clicca su ""Selezione Azienda""**: Dopo aver scelto il tuo ruolo, procedi cliccando su questa opzione.
3. **Clicca su ""Nuovo Allevamento""**: Seleziona questa opzione per iniziare il processo di associazione.
4. **Inserisci il codice dell'allevamento**: Digita il codice dell'allevamento di interesse e poi clicca su ""Verifica"".
5. **Visualizza i dettagli**: Cliccando su ""Dettagli"", potrai visualizzare le informazioni relative all'allevamento, come la ragione sociale, la partita IVA e l'indirizzo. Nota che se hai un veterinario aziendale, questo passaggio non è necessario.
6. **Seleziona la checklist**: Scegli la checklist che deve essere compilata per l'allevamento scelto.
7. **Carica i documenti richiesti**: Assicurati di caricare tutti i documenti necessari, che includono il documento di identità del veterinario, il documento di identità dell'allevatore e il ""Modulo di richiesta di associazione"".
8. **Clicca su ""Conferma""**: Una volta completati tutti i passaggi precedenti e caricati i documenti, clicca su ""Conferma"" per finalizzare il processo di associazione.

Seguendo questi passaggi, potrai completare l'associazione all'allevamento desiderato.","Per associarsi all’allevamento, una volta selezionato il ruolo bisogna cliccare su ""Seleziona azienda"", poi su ""Nuovo allevamento"", inserire il codice aziendale e cliccare su ""Verifica"". Solo per il veterinario incaricato è necessario selezionare la checklist che verrà compilata per l’allevamento selezionato. Infine si caricano i documenti richiesti (documento di identità, documento di identità dell’allevatore, modulo di autorizzazione) e si clicca su ""Conferma"".",0.3076923076923077,0.7269147540605354,0.99999999998,0.6666666666666666,0.9651474775560805,OK,True
"Perché se clicco su ""Visualizza"" in una bozza non me lo fa modificare?","['Il pulsante ""Visualizza"" consente esclusivamente di visualizzare le risposte selezionate nel questionario prima del salvataggio.  \nPer continuare la compilazione, fare clic su ""Modifica"".  \nEsito della valutazione salvato come bozza.', 'Il pulsante «Visualizza» permette esclusivamente di visualizzare le risposte selezionate nel questionario prima del salvataggio. \n\nQuestionario salvato come bozza \n(per continuare la compilazione, cliccare su «Modifica») \n14', 'Il pulsante ""Visualizza"" consente esclusivamente di visualizzare il questionario.  \nPer continuare la compilazione, è necessario cliccare su ""Modifica"".  \nPiano di Rientro salvato come bozza.', '**3. PRIMA DI ACCEDERE**\n\nPer prevenire eventuali problemi e rallentamenti durante la compilazione dei controlli, si consiglia di:\n\n- utilizzare una versione aggiornata di Google Chrome;\n- svuotare la cache del browser, seguendo le istruzioni disponibili al seguente link: [Cancellare la cache del browser](https://support.google.com/accounts/answer/32050?hl=it&co=GENIE.Platform%3DDesktop).', 'Quando si valuta la superficie su cui gli animali si coricano, è importante considerare che, se questa è pulita, il giudizio non potrà superare il livello di ""accettabile"". Questo perché gli animali, in ogni caso, si trovano costretti a sdraiarsi su una superficie bagnata. \n\nAnche nel caso di animali allevati al pascolo o in paddock esterni, dove non hanno accesso a strutture chiuse, è fondamentale effettuare una valutazione del loro livello igienico. Si considera adeguata una situazione in cui ci sia una prevalenza di ambienti asciutti e puliti, con aree bagnate o fangose limitate a zone specifiche, come quelle vicino ai punti di abbeverata. In questo modo, gli animali possono scegliere di coricarsi in spazi che siano puliti, asciutti e confortevoli. \n\nAl contrario, se la maggior parte degli ambienti è molto sporca e paludosa, la situazione igienica risulta inadeguata.']","Quando clicchi su ""Visualizza"" in una bozza, il pulsante consente esclusivamente di visualizzare le risposte selezionate nel questionario prima del salvataggio. Per continuare la compilazione e apportare modifiche, è necessario cliccare su ""Modifica"" [Doc 1][Doc 2][Doc 3].","Se si clicca sul pulsante ""Visualizza"" quando è selezionata una bozza, il sistema permette solo di visualizzare il questionario senza poter apportare modifiche. Per completare o modificare il questionario o la checklist, dopo aver selezionato la bozza di interesse, è necessario cliccare su ""Modifica"".",1.0,0.8492541605198776,0.9999999999666667,1.0,0.5932085924518168,OK,True
"Cosa vogliono dire Q1, Q2, Q3, Q4 nei cruscotti?","['Per accedere ai cruscotti, ai risultati e ai report, è importante seguire alcuni passaggi. Se richiesto, sarà necessario abilitare Flash Player per il browser in uso. Per farlo, cliccare su ""Enable or Install"".', ""[DASHBOARD] Le soglie che delimitano il passaggio tra i quartili sono indicate di seguito. Si avvisa che il cruscotto viene aggiornato trimestralmente; pertanto, selezionando l'anno corrente, i dati potrebbero risultare parziali e riferirsi esclusivamente ai mesi specificati nell'apposito riquadro (ad esempio, 2023 - 9 M = primi nove mesi del 2023). \n\nFARMACO BIOMASSA - AGGREGATO."", ""Ecco un elenco strutturato discorsivo basato sulla tabella fornita:\n\n---\n\n**Comandi Generali dell'App**\n\n1. **Salvataggio delle Risposte**: Le risposte vengono salvate e attivano gli automatismi necessari per il funzionamento dell'app.\n\n2. **Navigazione nel Questionario**: Viene aperto un albero di navigazione che consente di esplorare le diverse sezioni del questionario. Questa funzione è disponibile in una versione contratta sulla destra dello schermo.\n\n3. **Terminazione del Questionario**: È possibile terminare il questionario. Questa opzione appare nell'ultima sezione, una volta che il questionario è stato completato, ovvero quando tutte le sezioni sono state compilate e tutte le domande hanno ricevuto una risposta.\n\n4. **Indicatore di Completamento**: Un segno di spunta verde indica che una sezione è stata completata.\n\n5. **Accesso ai Dati Aziendali**: È possibile accedere ai dati aziendali relativi al questionario.\n\n6. **Ritorno alla Compilazione**: Si può tornare alla fase di compilazione del questionario in qualsiasi momento.\n\n7. **Ritorno alla Home**: È possibile tornare alla pagina di partenza, dove è presente un elenco dei questionari già compilati.\n\n8. **Sezione Completata**: Indica che una specifica sezione del questionario è stata completata.\n\n--- \n\nQuesto formato discorsivo rende più chiari i vari comandi e funzionalità dell'app."", '[DASHBOARD] **PAG**  \nSistema Integrato «ClassyFarm» - Guida per Delegati Operatori - Filiera o Gruppo  \n**CRUSCOTTI - RISULTATI**  \n29  \n\nPer accedere ai cruscotti interattivi:  \n- Accedere a VETINFO  \n- Selezionare ClassyFarm → ClassyFarm 2.0  \n- Scegliere il profilo  \n- Cliccare su Dashboard  \n\n1. Consultare la GUIDA AI CRUSCOTTI INTERATTIVI al seguente link: www.classyfarm.it', '[DASHBOARD] **PAG**  \nSistema Integrato «ClassyFarm» - Guida per Delegati Operatori - Filiera o Gruppo  \n**CRUSCOTTI - RISULTATI**  \n21  \n\nPer accedere ai cruscotti interattivi:  \n- Accedere a VETINFO  \n- Selezionare ClassyFarm → ClassyFarm 2.0  \n- Selezionare il PROFILO  \n- Cliccare su Dashboard  \n\n1. Consultare la GUIDA AI CRUSCOTTI INTERATTIVI al seguente link: www.classyfarm.it']","Nei cruscotti, Q1, Q2, Q3 e Q4 si riferiscono ai quartili, che delimitano il passaggio tra le diverse fasce di dati. Queste soglie sono utilizzate per analizzare e visualizzare i risultati in modo aggregato. È importante notare che il cruscotto viene aggiornato trimestralmente, quindi i dati potrebbero risultare parziali e riferirsi esclusivamente ai mesi specificati nell'apposito riquadro (ad esempio, 2023 - 9 M = primi nove mesi del 2023) [Doc 2]. 

Per ulteriori dettagli, puoi consultare la [GUIDA AI CRUSCOTTI INTERATTIVI](www.classyfarm.it).","Q1, Q2, Q3 e Q4 rappresentano i quartili in cui vengono raggruppati gli allevamenti. Gli allevamenti vengono ordinati in funzione del punteggio ottenuto, i quartili sono rappresentati da intensità di blu diverse e, in statistica, sono valori che dividono una distribuzione ordinata in quattro parti uguali. ClassyFarm li usa per semplificare la lettura dei dati.",0.7777777777777778,0.9588003013904266,0.0,0.6666666666666666,0.491828864130143,OK,True
"Cosa mi dice ""Sintesi risposte"" nel cruscotto?","['La categorizzazione dei requisiti specifici prevede una serie di elementi fondamentali. Per ogni requisito, viene innanzitutto definito il criterio specifico, come ad esempio il numero di addetti che si occupano degli animali. Successivamente, si forniscono i riferimenti normativi, espressi in modo esteso e racchiusi tra virgolette. \n\nIn aggiunta, viene presentata una linea guida sintetica che illustra le modalità di esecuzione della valutazione. Infine, si descrive il livello di conformità, che può variare tra conformità, non conformità o un requisito superiore al livello minimo stabilito.\n\nQuesta sezione funge da sintesi per quanto verrà trattato in modo più dettagliato nel manuale. A essa segue, evidenziata in un apposito box, una domanda relativa al requisito specifico, come ad esempio: “Gli animali sono accuditi da un numero sufficiente di addetti?”. A questa domanda corrispondono diverse risposte che indicano se si è in presenza di conformità, non conformità o un livello ottimale.\n\nÈ importante notare che la sezione dedicata alle evidenze deve essere compilata obbligatoriamente nel caso in cui si riscontri una non conformità.', '[DASHBOARD] **14  \nSISTEMA QUESTIONARI**  \n**CARICARE UN QUESTIONARIO**  \nUna volta che il questionario è stato compilato correttamente in tutte le sue parti e si è cliccato sul tasto ""Salva"" situato in fondo alla pagina, apparirà un pulsante giallo per la verifica in alto a destra. Dopo aver selezionato il pulsante giallo, sarà possibile visualizzare il tasto per procedere con il caricamento.  \nI report dei questionari caricati saranno disponibili esclusivamente 48 ore dopo il caricamento nella sezione ""Dashboard"".', '[DASHBOARD] **14  \nSISTEMA QUESTIONARI**  \n**CARICAMENTO DI UN QUESTIONARIO**  \nUna volta che il questionario è stato compilato correttamente in tutte le sue sezioni e si è cliccato sul tasto ""Salva"" situato in fondo alla pagina, apparirà un pulsante giallo per la verifica in alto a destra. Dopo aver selezionato il pulsante giallo, sarà possibile visualizzare il tasto per procedere con il caricamento. I report dei questionari caricati saranno disponibili esclusivamente 48 ore dopo il caricamento nella sezione ""Dashboard"".', '[DASHBOARD] **Report**\n\nAl termine della compilazione, per visualizzare il report, è necessario seguire i seguenti passaggi:\n\n1. Accedere a «Trasmissione Checklist (Nuovo)».\n2. Cliccare su «Azioni» e successivamente su «Storico».\n3. Selezionare il controllo di interesse e cliccare su «Azioni».\n4. Scorrere fino in fondo alla pagina e cliccare su «Salva PDF».\n\n**Nota Bene:** Questa modalità di download del report è temporanea; in futuro, il report sarà nuovamente scaricabile dal cruscotto.', ""[DASHBOARD] **8  \nDashboard: Cruscotto per la verifica dei prerequisiti**  \nPer accedere al cruscotto interattivo, selezionare l'opzione «Dashboard».""]","I report dei questionari caricati saranno disponibili esclusivamente 48 ore dopo il caricamento nella sezione ""Dashboard"".
Una volta che il questionario è stato compilato correttamente in tutte le sue sezioni e si è cliccato sul tasto ""Salva"" situato in fondo alla pagina, apparirà un pulsante giallo per la verifica in alto a destra. Dopo aver selezionato il pulsante giallo, sarà possibile visualizzare il tasto per procedere con il caricamento. I report dei questionari caricati saranno disponibili esclusivamente 48 ore dopo il caricamento nella sezione ""Dashboard"".","Cliccando su ""Sintesi risposte"" nella consultazione di un cruscotto compare il grafico relativo alla distribuzione delle risposte ai questionari per gli allevamenti selezionati.",1.0,0.2551124734833062,0.0,0.0,0.12544656362274978,OK,True
